<?xml version="1.0" encoding="UTF-8"?>
<!--
   - This Ant project file depends on properties being set
   - via gluegen.properties, see: gluegen.properties !
   - 
   - This Ant project file depends on the following properties being set
   - externally:
   - 
   -   win32.c.compiler (required to be set on Windows):
   -       one of "vc6", "vc7", "vc8", "mingw32" (default) or "mingw64".
   -   c.compiler.debug:
   -       set to "true" if debug version of the compiled
   -       C code is desired.
   -  
   -   MacOsX libraries can be universal / fat binaries.
   -   The following switches enables/disables a target platform.
   -   If non of them is enabled, the default
   -   compiler target platform is used for a thin binary.
   -
   -   macosppc:
   -       set to "true" for ppc support,
   -       default is 'false'
   -       Note: Unsupported on Snow Leopard!
   -   macosx32:
   -       set to "false" to disable x86 32-bit support,
   -       default is 'true'
   -   macosx64:
   -       set to "false" to disable x86 64-bit support,
   -       default is 'true'
   - 
  -->
<project name="GlueGen-properties" basedir=".">

  <target name="gluegen.properties.load.user" unless="gluegen.user.properties.file.set">
    <property environment="env" />

    <!-- Load the user specified properties file that defines various host
      - specific paths.  The user will be notified if this is does not
      - exist. -->

    <condition property="gluegen.user.properties.file" value="${env.GLUEGEN_PROPERTIES_FILE}" else="${user.home}/gluegen.properties">
      <not>
       <equals arg1="${env.GLUEGEN_PROPERTIES_FILE}" arg2="$${env.GLUEGEN_PROPERTIES_FILE}" casesensitive="true" />
      </not>
    </condition>
    <property name="gluegen.user.properties.file.set" value="${gluegen.user.properties.file}"/>
    <property file="${gluegen.user.properties.file.set}" />
    <echo message="Loaded ${gluegen.user.properties.file.set}." />
    <property name="antlr.jar" value="${gluegen.root}/make/lib/antlr.jar" />
    <property name="junit.jar" value="${gluegen.root}/make/lib/junit.jar" />
    <property name="ant.jar"       value="${ant.home}/lib/ant.jar" />
    <property name="ant-junit.jar" value="${ant.home}/lib/ant-junit.jar" />

    <property name="android.version" value="9" /> <!-- default - if not set by jogamp-env.xml:jogamp.env.init -->
    <property name="android-min.jar" value="${gluegen.root}/make/lib/android-sdk/${android.version}/android.jar" />
    <property name="android-015.jar" value="${gluegen.root}/make/lib/android-sdk/15/android.jar" />
    <property name="android.jar"     value="${android-015.jar}" />
    <condition property="android-jars.available">
        <and>
            <available file="${android-min.jar}"/>
            <available file="${android.jar}"/>
        </and>
    </condition>
    <fail message="isAndroid set, but android jar files n/a: ${android-min.jar}, ${android.jar}">
      <condition>
        <and>
          <isset property="isAndroid"/>
          <not>
              <isset property="android-jars.available"/>
          </not>
        </and>
      </condition>
    </fail>

    <property name="android.keystore.file" value="/non.existing.user.keystore.file"/> <!-- default - maybe overriden by the gluegen.user.properties.file -->
    <property name="android.keystore.alias" value="debug"/>
    <property name="android.keystore.storepass" value="jogamp"/>
    <property name="android.keystore.keypass" value="jogamp"/>

    <property name="ant-junit-all.apk" value="${gluegen.root}/make/lib/ant-junit-all.apk" />

    <condition property="win32.c.compiler" value="mingw64">
      <and>
        <os family="windows" />
        <os arch="amd64" />
      </and>
    </condition>
    <condition property="win32.c.compiler" value="mingw32">
      <and>
        <os family="windows" />
        <or>
          <os arch="i386" />
          <os arch="x86" />
        </or>
      </and>
    </condition>
    <echo message="antlr.jar=${antlr.jar}" />
    <echo message="junit.jar=${junit.jar}" />
    <echo message="win32.c.compiler=${win32.c.compiler}" />
  </target>

</project>
