<?xml version="1.0" encoding="utf-8"?>
<manifest xmlns:android="http://schemas.android.com/apk/res/android"
      sharedUserId="com.jogamp.Community" 
      package="com.jogamp.common">

    <uses-feature android:name="android.hardware.touchscreen" android:required="false" />
    <!-- uses-feature android:name="android.hardware.camera" android:required="false" / --> <!-- not yet -->

    <uses-sdk android:minSdkVersion="9" />

    <application android:icon="@drawable/icon" 
                 android:label="@string/app_runtime_name"
                 android:description="@string/app_runtime_descr"
                 android:persistent="false"
                 >
        <activity android:name="jogamp.common.os.android.GluegenVersionActivity"
                  android:finishOnTaskLaunch="true"
                  android:launchMode="singleTop"
                  android:label="@string/activity_v_name"
                  android:description="@string/activity_v_descr"
                  >
            <intent-filter>
                <action android:name="android.intent.action.MAIN" />
                <category android:name="android.intent.category.LAUNCHER" />
            </intent-filter>
        </activity>
    </application>

</manifest>
